{
    "test_baby": {
        "width": 951.2948857453754,
        "height": 720.6923076923077,
        "x": 968.7051142546246,
        "y": 20.76923076923077
    },
    "test_display": {
        "width": 1371.2295973884657,
        "height": 688.1538461538462,
        "x": 548.7704026115342,
        "y": 371.7692307692308
    },
    "test_girl": {
        "width": 934.5810663764962,
        "height": 1059.2307692307693,
        "x": 985.4189336235038,
        "y": 0.6923076923076923
    },
    "test_background": {
        "width": 1920.0,
        "height": 1080.0,
        "x": 0.0,
        "y": 0.6923076923076923
    },
    "dialog_block": {
        "width": 1048.0,
        "height": 171.0,
        "x": 234.0,
        "y": 176.0
    }
}